insee_com;annee;nb_mutations;nb_maisons;nb_apparts;prop_maison;prop_appart;prix_moyen;prix_m2_moyen;surface_moy;dep_code
75056;2024;24246;84.0;24162.0;100.0;0.0;507698;9674;51;75
77001;2024;17;17.0;0.0;0.0;100.0;339935;2956;122;77
77002;2024;14;14.0;0.0;0.0;100.0;181464;1820;102;77
77003;2024;6;6.0;0.0;0.0;100.0;309300;2662;119;77
77004;2024;1;1.0;0.0;0.0;100.0;347600;4574;76;77
77005;2024;30;22.0;8.0;27.0;73.0;342649;3719;97;77
77006;2024;11;11.0;0.0;0.0;100.0;342082;3398;110;77
77007;2024;2;2.0;0.0;0.0;100.0;275000;2353;118;77
77008;2024;3;3.0;0.0;0.0;100.0;319383;3870;85;77
77009;2024;3;3.0;0.0;0.0;100.0;158333;1603;102;77
77010;2024;3;3.0;0.0;0.0;100.0;173333;2141;83;77
77011;2024;2;2.0;0.0;0.0;100.0;206000;1466;142;77
77012;2024;7;7.0;0.0;0.0;100.0;150929;1604;97;77
77013;2024;3;3.0;0.0;0.0;100.0;371667;2233;165;77
77014;2024;220;32.0;188.0;85.0;15.0;195787;2979;68;77
77015;2024;1;1.0;0.0;0.0;100.0;130000;1857;70;77
77016;2024;6;6.0;0.0;0.0;100.0;127055;2138;70;77
77018;2024;77;41.0;36.0;47.0;53.0;345500;4365;82;77
77019;2024;3;3.0;0.0;0.0;100.0;126000;1398;93;77
77020;2024;4;4.0;0.0;0.0;100.0;219225;1636;137;77
77021;2024;4;4.0;0.0;0.0;100.0;240038;2070;114;77
77022;2024;25;21.0;4.0;16.0;84.0;685806;5110;136;77
77023;2024;8;8.0;0.0;0.0;100.0;194744;2319;88;77
77024;2024;1;1.0;0.0;0.0;100.0;260000;970;268;77
77025;2024;7;7.0;0.0;0.0;100.0;151041;1580;98;77
77026;2024;2;2.0;0.0;0.0;100.0;133000;1622;82;77
77027;2024;10;9.0;1.0;10.0;90.0;123827;1232;97;77
77029;2024;3;3.0;0.0;0.0;100.0;273833;2622;104;77
77030;2024;10;10.0;0.0;0.0;100.0;173030;1852;104;77
77031;2024;6;6.0;0.0;0.0;100.0;376650;2509;150;77
77032;2024;14;13.0;1.0;7.0;93.0;179929;1951;93;77
77033;2024;2;2.0;0.0;0.0;100.0;187500;1248;146;77
77034;2024;4;4.0;0.0;0.0;100.0;243475;2537;103;77
77035;2024;10;10.0;0.0;0.0;100.0;134401;1443;92;77
77037;2024;67;53.0;14.0;21.0;79.0;370903;3969;92;77
77038;2024;5;5.0;0.0;0.0;100.0;670200;3827;181;77
77039;2024;9;8.0;1.0;11.0;89.0;401028;3439;122;77
77040;2024;29;28.0;1.0;3.0;97.0;321145;2872;115;77
77041;2024;4;4.0;0.0;0.0;100.0;320175;2820;118;77
77042;2024;34;34.0;0.0;0.0;100.0;218145;2202;103;77
77043;2024;3;3.0;0.0;0.0;100.0;123933;1796;67;77
77044;2024;13;12.0;1.0;8.0;92.0;267461;2769;97;77
77045;2024;5;5.0;0.0;0.0;100.0;212722;2035;105;77
77046;2024;2;2.0;0.0;0.0;100.0;248400;2968;79;77
77047;2024;13;8.0;5.0;38.0;62.0;277262;3326;82;77
77048;2024;20;17.0;3.0;15.0;85.0;501264;4149;127;77
77049;2024;7;7.0;0.0;0.0;100.0;293143;2588;116;77
77050;2024;4;4.0;0.0;0.0;100.0;110000;1390;92;77
77051;2024;16;16.0;0.0;0.0;100.0;160743;1702;94;77
77052;2024;4;4.0;0.0;0.0;100.0;247000;2072;120;77
77053;2024;218;87.0;131.0;60.0;40.0;234305;3410;72;77
77054;2024;5;5.0;0.0;0.0;100.0;208670;2302;89;77
77055;2024;51;7.0;44.0;86.0;14.0;179017;2845;65;77
77056;2024;6;6.0;0.0;0.0;100.0;210375;1930;104;77
77057;2024;5;5.0;0.0;0.0;100.0;213700;1762;128;77
77058;2024;292;65.0;227.0;78.0;22.0;299239;4255;73;77
77059;2024;8;7.0;1.0;12.0;88.0;436123;4628;98;77
77060;2024;9;9.0;0.0;0.0;100.0;229689;1916;120;77
77061;2024;27;23.0;4.0;15.0;85.0;177724;2284;81;77
77062;2024;5;3.0;2.0;40.0;60.0;419521;4010;112;77
77063;2024;11;11.0;0.0;0.0;100.0;218157;2467;93;77
77065;2024;11;10.0;1.0;9.0;91.0;246409;2738;94;77
77066;2024;1;1.0;0.0;0.0;100.0;248341;2258;110;77
77067;2024;99;85.0;14.0;14.0;86.0;262426;2936;92;77
77068;2024;3;3.0;0.0;0.0;100.0;160000;1350;112;77
77069;2024;27;25.0;2.0;7.0;93.0;325744;3309;101;77
77070;2024;12;12.0;0.0;0.0;100.0;239182;2140;116;77
77071;2024;9;9.0;0.0;0.0;100.0;411205;2929;125;77
77072;2024;6;6.0;0.0;0.0;100.0;141380;1676;96;77
77073;2024;7;7.0;0.0;0.0;100.0;198029;1640;122;77
77075;2024;15;11.0;4.0;27.0;73.0;248575;3147;84;77
77076;2024;7;7.0;0.0;0.0;100.0;208571;1772;122;77
77077;2024;14;12.0;2.0;14.0;86.0;204786;2594;78;77
77078;2024;13;13.0;0.0;0.0;100.0;228900;1941;119;77
77079;2024;45;39.0;6.0;13.0;87.0;208280;2498;84;77
77080;2024;4;4.0;0.0;0.0;100.0;400125;2321;204;77
77081;2024;4;4.0;0.0;0.0;100.0;278250;2942;100;77
77082;2024;8;7.0;1.0;12.0;88.0;188646;2796;80;77
77083;2024;164;72.0;92.0;56.0;44.0;285766;3771;80;77
77084;2024;19;16.0;3.0;16.0;84.0;223211;2682;88;77
77085;2024;39;22.0;17.0;44.0;56.0;330916;3960;85;77
77086;2024;20;20.0;0.0;0.0;100.0;214572;2268;103;77
77087;2024;3;3.0;0.0;0.0;100.0;336000;2461;139;77
77088;2024;22;19.0;3.0;14.0;86.0;251436;2495;103;77
77089;2024;13;13.0;0.0;0.0;100.0;248731;2547;99;77
77090;2024;1;1.0;0.0;0.0;100.0;231000;2243;103;77
77091;2024;3;3.0;0.0;0.0;100.0;342350;2752;126;77
77093;2024;1;1.0;0.0;0.0;100.0;173000;2110;82;77
77094;2024;2;2.0;0.0;0.0;100.0;429450;3336;129;77
77095;2024;23;18.0;5.0;22.0;78.0;320999;3428;97;77
77096;2024;34;30.0;4.0;12.0;88.0;333413;3413;99;77
77098;2024;6;6.0;0.0;0.0;100.0;164750;1834;99;77
77099;2024;42;39.0;3.0;7.0;93.0;166517;1899;93;77
77100;2024;47;46.0;1.0;2.0;98.0;225851;2594;87;77
77101;2024;13;13.0;0.0;0.0;100.0;196787;1995;102;77
77103;2024;4;3.0;1.0;25.0;75.0;248246;3702;76;77
77104;2024;6;6.0;0.0;0.0;100.0;341525;3377;110;77
77106;2024;10;10.0;0.0;0.0;100.0;231140;2258;104;77
77107;2024;32;24.0;8.0;25.0;75.0;231025;2770;89;77
77108;2024;431;179.0;252.0;58.0;42.0;249588;3520;73;77
77109;2024;20;19.0;1.0;5.0;95.0;171106;1895;100;77
77110;2024;2;2.0;0.0;0.0;100.0;132500;1820;73;77
77111;2024;63;18.0;45.0;71.0;29.0;318617;4642;71;77
77112;2024;4;4.0;0.0;0.0;100.0;270138;2278;117;77
77113;2024;9;9.0;0.0;0.0;100.0;285167;2095;134;77
77114;2024;38;28.0;10.0;26.0;74.0;306534;3370;95;77
77115;2024;7;7.0;0.0;0.0;100.0;215732;2185;102;77
77116;2024;11;11.0;0.0;0.0;100.0;178227;1876;92;77
77117;2024;9;6.0;3.0;33.0;67.0;146889;1971;84;77
77118;2024;112;68.0;44.0;39.0;61.0;287476;3577;83;77
77119;2024;1;1.0;0.0;0.0;100.0;264000;2164;122;77
77120;2024;5;5.0;0.0;0.0;100.0;265200;2034;133;77
77121;2024;22;14.0;8.0;36.0;64.0;326760;4028;86;77
77122;2024;190;119.0;71.0;37.0;63.0;247089;3082;82;77
77123;2024;3;3.0;0.0;0.0;100.0;578333;6326;101;77
77124;2024;14;12.0;2.0;14.0;86.0;308912;3751;85;77
77125;2024;17;16.0;1.0;6.0;94.0;291723;3144;94;77
77126;2024;24;24.0;0.0;0.0;100.0;179354;1884;96;77
77127;2024;14;4.0;10.0;71.0;29.0;174150;2820;60;77
77128;2024;16;16.0;0.0;0.0;100.0;330709;3180;114;77
77129;2024;7;7.0;0.0;0.0;100.0;177940;1593;125;77
77130;2024;3;3.0;0.0;0.0;100.0;272800;3035;91;77
77131;2024;170;79.0;91.0;54.0;46.0;190730;2612;77;77
77132;2024;39;31.0;8.0;21.0;79.0;329842;3812;91;77
77133;2024;2;2.0;0.0;0.0;100.0;240960;1350;173;77
77134;2024;2;2.0;0.0;0.0;100.0;133500;2252;59;77
77135;2024;15;14.0;1.0;7.0;93.0;267241;2378;120;77
77136;2024;1;1.0;0.0;0.0;100.0;350000;3302;106;77
77137;2024;4;4.0;0.0;0.0;100.0;193000;1868;110;77
77138;2024;12;11.0;1.0;8.0;92.0;235958;2375;107;77
77139;2024;62;53.0;9.0;15.0;85.0;297126;3414;90;77
77140;2024;6;6.0;0.0;0.0;100.0;222750;1621;141;77
77141;2024;19;10.0;9.0;47.0;53.0;298687;3212;95;77
77142;2024;43;27.0;16.0;37.0;63.0;244528;3153;82;77
77143;2024;32;25.0;7.0;22.0;78.0;238100;2823;88;77
77144;2024;2;2.0;0.0;0.0;100.0;371550;2159;217;77
77145;2024;5;5.0;0.0;0.0;100.0;250440;2914;101;77
77146;2024;13;12.0;1.0;8.0;92.0;412288;3712;111;77
77147;2024;11;11.0;0.0;0.0;100.0;163623;2097;83;77
77148;2024;24;20.0;4.0;17.0;83.0;202875;2129;103;77
77150;2024;2;2.0;0.0;0.0;100.0;142500;1704;88;77
77151;2024;7;7.0;0.0;0.0;100.0;198048;1652;109;77
77152;2024;187;100.0;87.0;47.0;53.0;202324;2832;74;77
77153;2024;118;68.0;50.0;42.0;58.0;232130;3084;78;77
77154;2024;18;17.0;1.0;6.0;94.0;278074;3291;97;77
77155;2024;26;23.0;3.0;12.0;88.0;344374;3507;100;77
77156;2024;10;10.0;0.0;0.0;100.0;189850;2293;85;77
77157;2024;2;1.0;1.0;50.0;50.0;160815;1546;102;77
77158;2024;3;3.0;0.0;0.0;100.0;172833;1729;101;77
77159;2024;26;25.0;1.0;4.0;96.0;183683;1726;110;77
77161;2024;15;15.0;0.0;0.0;100.0;213911;2251;96;77
77162;2024;10;10.0;0.0;0.0;100.0;192304;2277;88;77
77163;2024;1;1.0;0.0;0.0;100.0;299900;1947;154;77
77164;2024;3;3.0;0.0;0.0;100.0;196267;1871;103;77
77165;2024;6;6.0;0.0;0.0;100.0;400717;2781;138;77
77167;2024;4;4.0;0.0;0.0;100.0;150611;1548;95;77
77168;2024;30;26.0;4.0;13.0;87.0;164772;1703;100;77
77169;2024;64;23.0;41.0;64.0;36.0;264366;3672;74;77
77171;2024;50;33.0;17.0;34.0;66.0;261729;3577;78;77
77172;2024;7;7.0;0.0;0.0;100.0;186857;1957;96;77
77173;2024;11;11.0;0.0;0.0;100.0;219395;2243;98;77
77174;2024;5;5.0;0.0;0.0;100.0;162100;1701;100;77
77175;2024;35;35.0;0.0;0.0;100.0;342464;3320;111;77
77176;2024;30;30.0;0.0;0.0;100.0;232048;2600;91;77
77177;2024;5;4.0;1.0;20.0;80.0;352460;3709;98;77
77178;2024;8;7.0;1.0;12.0;88.0;189375;1866;104;77
77179;2024;4;4.0;0.0;0.0;100.0;208243;2070;106;77
77180;2024;4;4.0;0.0;0.0;100.0;319438;3676;92;77
77181;2024;57;19.0;38.0;67.0;33.0;272465;4397;65;77
77182;2024;35;24.0;11.0;31.0;69.0;139869;1848;78;77
77183;2024;114;66.0;48.0;42.0;58.0;171243;2395;76;77
77184;2024;9;9.0;0.0;0.0;100.0;227610;1999;122;77
77185;2024;8;8.0;0.0;0.0;100.0;410191;4029;96;77
77186;2024;216;49.0;167.0;77.0;23.0;372493;4990;74;77
77187;2024;9;9.0;0.0;0.0;100.0;151800;1695;105;77
77188;2024;12;11.0;1.0;8.0;92.0;227379;2856;79;77
77190;2024;2;2.0;0.0;0.0;100.0;178820;1548;133;77
77191;2024;7;7.0;0.0;0.0;100.0;219857;2142;106;77
77192;2024;64;39.0;25.0;39.0;61.0;239506;2944;87;77
77193;2024;2;2.0;0.0;0.0;100.0;245500;2048;116;77
77194;2024;5;5.0;0.0;0.0;100.0;213880;2273;95;77
77195;2024;10;9.0;1.0;10.0;90.0;230757;2925;84;77
77196;2024;11;7.0;4.0;36.0;64.0;290495;3265;93;77
77197;2024;3;3.0;0.0;0.0;100.0;182000;1769;107;77
77198;2024;1;1.0;0.0;0.0;100.0;172950;2471;70;77
77199;2024;10;10.0;0.0;0.0;100.0;220254;3017;74;77
77201;2024;10;9.0;1.0;10.0;90.0;211000;2212;107;77
77202;2024;8;8.0;0.0;0.0;100.0;269714;2705;103;77
77203;2024;13;13.0;0.0;0.0;100.0;327517;2869;119;77
77204;2024;3;3.0;0.0;0.0;100.0;132290;1429;99;77
77205;2024;1;1.0;0.0;0.0;100.0;320000;2319;138;77
77206;2024;1;1.0;0.0;0.0;100.0;215000;1641;131;77
77207;2024;2;2.0;0.0;0.0;100.0;119500;1254;93;77
77208;2024;18;6.0;12.0;67.0;33.0;77167;1254;59;77
77209;2024;7;5.0;2.0;29.0;71.0;347800;3822;92;77
77210;2024;29;29.0;0.0;0.0;100.0;211084;2077;110;77
77211;2024;3;3.0;0.0;0.0;100.0;215403;2168;104;77
77212;2024;2;2.0;0.0;0.0;100.0;163500;3050;56;77
77214;2024;6;6.0;0.0;0.0;100.0;331150;2325;144;77
77215;2024;86;48.0;38.0;44.0;56.0;235866;3244;76;77
77216;2024;9;8.0;1.0;11.0;89.0;280389;2900;100;77
77217;2024;33;26.0;7.0;21.0;79.0;298565;3740;86;77
77218;2024;4;4.0;0.0;0.0;100.0;138695;1370;105;77
77219;2024;34;34.0;0.0;0.0;100.0;305118;3047;102;77
77220;2024;4;4.0;0.0;0.0;100.0;259118;1786;143;77
77221;2024;12;12.0;0.0;0.0;100.0;429018;3481;124;77
77222;2024;53;26.0;27.0;51.0;49.0;199360;2677;77;77
77223;2024;3;3.0;0.0;0.0;100.0;166667;1865;90;77
77225;2024;3;3.0;0.0;0.0;100.0;284097;2541;125;77
77226;2024;24;23.0;1.0;4.0;96.0;254258;2952;92;77
77227;2024;7;7.0;0.0;0.0;100.0;133311;1563;84;77
77228;2024;5;5.0;0.0;0.0;100.0;193330;1576;131;77
77229;2024;19;17.0;2.0;11.0;89.0;300314;2900;111;77
77230;2024;3;3.0;0.0;0.0;100.0;207688;1869;111;77
77231;2024;7;7.0;0.0;0.0;100.0;214565;2434;92;77
77232;2024;11;8.0;3.0;27.0;73.0;263288;2824;93;77
77233;2024;3;3.0;0.0;0.0;100.0;255000;2327;112;77
77234;2024;3;3.0;0.0;0.0;100.0;497233;2786;184;77
77235;2024;5;5.0;0.0;0.0;100.0;219600;2232;126;77
77236;2024;5;5.0;0.0;0.0;100.0;181600;1900;97;77
77237;2024;6;6.0;0.0;0.0;100.0;317667;4230;78;77
77238;2024;32;25.0;7.0;22.0;78.0;185342;1920;101;77
77239;2024;11;10.0;1.0;9.0;91.0;192755;1979;106;77
77240;2024;19;19.0;0.0;0.0;100.0;181474;2102;95;77
77241;2024;13;12.0;1.0;8.0;92.0;240192;3027;80;77
77242;2024;8;8.0;0.0;0.0;100.0;225092;1722;132;77
77243;2024;240;89.0;151.0;63.0;37.0;278828;3814;75;77
77244;2024;7;6.0;1.0;14.0;86.0;192929;2231;94;77
77245;2024;4;4.0;0.0;0.0;100.0;300075;2184;138;77
77246;2024;4;4.0;0.0;0.0;100.0;177500;1724;110;77
77247;2024;4;4.0;0.0;0.0;100.0;143594;1378;114;77
77248;2024;7;7.0;0.0;0.0;100.0;379829;3386;107;77
77249;2024;79;73.0;6.0;8.0;92.0;381409;3474;111;77
77250;2024;1;1.0;0.0;0.0;100.0;147000;1289;114;77
77251;2024;114;39.0;75.0;66.0;34.0;227245;3316;70;77
77252;2024;9;9.0;0.0;0.0;100.0;410039;2968;138;77
77253;2024;4;4.0;0.0;0.0;100.0;244850;1996;122;77
77254;2024;11;11.0;0.0;0.0;100.0;337493;2959;116;77
77255;2024;12;12.0;0.0;0.0;100.0;266433;2658;102;77
77256;2024;5;5.0;0.0;0.0;100.0;192630;1813;104;77
77257;2024;36;24.0;12.0;33.0;67.0;165376;2161;79;77
77258;2024;87;11.0;76.0;87.0;13.0;224632;3543;67;77
77259;2024;26;18.0;8.0;31.0;69.0;226853;3292;77;77
77260;2024;10;9.0;1.0;10.0;90.0;169500;1933;90;77
77261;2024;19;19.0;0.0;0.0;100.0;176581;1771;99;77
77262;2024;4;4.0;0.0;0.0;100.0;199500;1440;140;77
77263;2024;6;6.0;0.0;0.0;100.0;184017;1673;112;77
77264;2024;22;22.0;0.0;0.0;100.0;290176;2463;125;77
77265;2024;10;10.0;0.0;0.0;100.0;200455;2056;106;77
77266;2024;5;4.0;1.0;20.0;80.0;243940;2957;91;77
77267;2024;2;2.0;0.0;0.0;100.0;197480;1976;101;77
77268;2024;73;34.0;39.0;53.0;47.0;404943;4788;85;77
77269;2024;20;15.0;5.0;25.0;75.0;222811;2966;78;77
77270;2024;7;7.0;0.0;0.0;100.0;254764;2707;103;77
77272;2024;7;7.0;0.0;0.0;100.0;170817;1764;101;77
77273;2024;8;8.0;0.0;0.0;100.0;292169;3086;99;77
77274;2024;6;5.0;1.0;17.0;83.0;191167;2522;76;77
77275;2024;3;3.0;0.0;0.0;100.0;164000;1395;123;77
77276;2024;29;22.0;7.0;24.0;76.0;255046;2973;95;77
77277;2024;14;11.0;3.0;21.0;79.0;267850;2773;101;77
77278;2024;6;6.0;0.0;0.0;100.0;288567;2459;128;77
77279;2024;7;7.0;0.0;0.0;100.0;333284;3008;105;77
77280;2024;12;11.0;1.0;8.0;92.0;224367;2318;106;77
77281;2024;7;7.0;0.0;0.0;100.0;323429;2649;123;77
77283;2024;7;7.0;0.0;0.0;100.0;203589;2495;82;77
77284;2024;484;80.0;404.0;83.0;17.0;178644;2912;65;77
77285;2024;125;45.0;80.0;64.0;36.0;173943;2122;83;77
77286;2024;3;3.0;0.0;0.0;100.0;231000;1734;130;77
77287;2024;2;2.0;0.0;0.0;100.0;174500;1602;112;77
77288;2024;396;70.0;326.0;82.0;18.0;157000;2743;60;77
77289;2024;4;4.0;0.0;0.0;100.0;138375;1152;131;77
77290;2024;10;10.0;0.0;0.0;100.0;143799;2652;55;77
77291;2024;8;8.0;0.0;0.0;100.0;195625;2834;70;77
77292;2024;11;8.0;3.0;27.0;73.0;299959;3456;90;77
77293;2024;10;10.0;0.0;0.0;100.0;234284;3048;83;77
77294;2024;136;109.0;27.0;20.0;80.0;272403;3638;81;77
77295;2024;12;11.0;1.0;8.0;92.0;237466;2719;91;77
77296;2024;136;70.0;66.0;49.0;51.0;219856;3122;72;77
77297;2024;1;1.0;0.0;0.0;100.0;130000;929;140;77
77298;2024;3;3.0;0.0;0.0;100.0;164000;1524;113;77
77300;2024;5;5.0;0.0;0.0;100.0;228023;2686;91;77
77301;2024;3;3.0;0.0;0.0;100.0;86000;1262;86;77
77302;2024;25;25.0;0.0;0.0;100.0;248117;2630;95;77
77303;2024;2;2.0;0.0;0.0;100.0;185000;1265;146;77
77305;2024;116;27.0;89.0;77.0;23.0;122026;2106;60;77
77306;2024;2;2.0;0.0;0.0;100.0;347625;2668;131;77
77307;2024;170;34.0;136.0;80.0;20.0;264260;4410;64;77
77308;2024;12;11.0;1.0;8.0;92.0;294820;2968;99;77
77309;2024;14;14.0;0.0;0.0;100.0;229393;2933;80;77
77310;2024;4;4.0;0.0;0.0;100.0;193125;1826;109;77
77311;2024;19;19.0;0.0;0.0;100.0;166517;1899;86;77
77312;2024;34;31.0;3.0;9.0;91.0;287267;2893;103;77
77313;2024;6;6.0;0.0;0.0;100.0;210000;1769;128;77
77315;2024;50;43.0;7.0;14.0;86.0;313089;3620;91;77
77316;2024;142;114.0;28.0;20.0;80.0;233279;2773;87;77
77317;2024;45;28.0;17.0;38.0;62.0;193989;2404;82;77
77318;2024;13;11.0;2.0;15.0;85.0;232169;2930;87;77
77320;2024;57;53.0;4.0;7.0;93.0;236522;2624;94;77
77321;2024;8;8.0;0.0;0.0;100.0;166521;1968;86;77
77322;2024;28;25.0;3.0;11.0;89.0;305820;2932;108;77
77323;2024;11;6.0;5.0;45.0;55.0;302630;2981;98;77
77325;2024;3;3.0;0.0;0.0;100.0;113000;1304;90;77
77326;2024;63;44.0;19.0;30.0;70.0;243708;2993;84;77
77327;2024;67;56.0;11.0;16.0;84.0;188699;2340;85;77
77328;2024;2;2.0;0.0;0.0;100.0;228000;2309;106;77
77329;2024;7;7.0;0.0;0.0;100.0;259679;2074;130;77
77330;2024;56;49.0;7.0;12.0;88.0;265298;2882;99;77
77331;2024;6;3.0;3.0;50.0;50.0;126167;1799;68;77
77332;2024;2;2.0;0.0;0.0;100.0;202000;2604;81;77
77333;2024;117;71.0;46.0;39.0;61.0;166936;2241;77;77
77335;2024;28;26.0;2.0;7.0;93.0;270440;2710;104;77
77336;2024;9;7.0;2.0;22.0;78.0;294223;3154;99;77
77337;2024;78;31.0;47.0;60.0;40.0;251925;3394;77;77
77338;2024;5;5.0;0.0;0.0;100.0;221800;2279;103;77
77339;2024;19;15.0;4.0;21.0;79.0;364886;3547;121;77
77340;2024;5;5.0;0.0;0.0;100.0;250560;2372;109;77
77341;2024;3;3.0;0.0;0.0;100.0;141510;1621;90;77
77342;2024;1;1.0;0.0;0.0;100.0;170000;1417;120;77
77343;2024;4;4.0;0.0;0.0;100.0;160600;2173;74;77
77344;2024;16;12.0;4.0;25.0;75.0;252750;2807;93;77
77345;2024;10;10.0;0.0;0.0;100.0;125539;1510;88;77
77347;2024;6;6.0;0.0;0.0;100.0;185317;2266;85;77
77348;2024;2;2.0;0.0;0.0;100.0;130000;2196;60;77
77349;2024;46;40.0;6.0;13.0;87.0;277215;3048;94;77
77350;2024;169;112.0;57.0;34.0;66.0;319278;3886;88;77
77352;2024;27;25.0;2.0;7.0;93.0;249398;3122;87;77
77353;2024;4;4.0;0.0;0.0;100.0;204775;1744;116;77
77354;2024;9;9.0;0.0;0.0;100.0;228403;2858;79;77
77357;2024;7;7.0;0.0;0.0;100.0;252750;2338;113;77
77358;2024;8;8.0;0.0;0.0;100.0;258120;2752;97;77
77359;2024;17;16.0;1.0;6.0;94.0;322391;3200;101;77
77360;2024;4;3.0;1.0;25.0;75.0;259300;2215;118;77
77361;2024;4;4.0;0.0;0.0;100.0;190250;2285;96;77
77363;2024;16;13.0;3.0;19.0;81.0;347215;4162;90;77
77364;2024;1;1.0;0.0;0.0;100.0;350000;6034;58;77
77365;2024;4;4.0;0.0;0.0;100.0;217375;2044;114;77
77366;2024;4;4.0;0.0;0.0;100.0;352750;3593;98;77
77367;2024;2;2.0;0.0;0.0;100.0;228250;1506;165;77
77368;2024;5;5.0;0.0;0.0;100.0;160600;1755;91;77
77369;2024;3;3.0;0.0;0.0;100.0;273333;1827;160;77
77370;2024;11;11.0;0.0;0.0;100.0;226774;2294;108;77
77371;2024;40;39.0;1.0;2.0;98.0;248758;2757;99;77
77372;2024;35;18.0;17.0;49.0;51.0;349907;4060;84;77
77373;2024;287;139.0;148.0;52.0;48.0;266502;3911;73;77
77374;2024;32;26.0;6.0;19.0;81.0;310149;3700;87;77
77376;2024;7;7.0;0.0;0.0;100.0;308264;2812;116;77
77377;2024;20;18.0;2.0;10.0;90.0;485084;3728;122;77
77378;2024;35;23.0;12.0;34.0;66.0;296045;3256;94;77
77379;2024;122;56.0;66.0;54.0;46.0;160892;2049;80;77
77380;2024;4;4.0;0.0;0.0;100.0;213788;2349;99;77
77381;2024;3;3.0;0.0;0.0;100.0;223353;1992;115;77
77382;2024;51;46.0;5.0;10.0;90.0;296488;3176;100;77
77383;2024;1;1.0;0.0;0.0;100.0;340000;2012;169;77
77384;2024;10;8.0;2.0;20.0;80.0;233473;4007;60;77
77385;2024;24;23.0;1.0;4.0;96.0;173897;1892;92;77
77386;2024;6;6.0;0.0;0.0;100.0;220833;2564;95;77
77387;2024;2;2.0;0.0;0.0;100.0;178000;1195;148;77
77388;2024;5;5.0;0.0;0.0;100.0;220510;2552;91;77
77389;2024;45;26.0;19.0;42.0;58.0;266429;2969;88;77
77390;2024;160;101.0;59.0;37.0;63.0;274134;3400;83;77
77391;2024;8;8.0;0.0;0.0;100.0;172230;2242;89;77
77392;2024;10;10.0;0.0;0.0;100.0;308837;3466;89;77
77393;2024;23;19.0;4.0;17.0;83.0;244130;2780;94;77
77394;2024;15;13.0;2.0;13.0;87.0;330242;2939;116;77
77397;2024;21;19.0;2.0;10.0;90.0;180552;2111;93;77
77398;2024;4;4.0;0.0;0.0;100.0;148292;1812;81;77
77400;2024;22;22.0;0.0;0.0;100.0;270103;2748;102;77
77401;2024;12;12.0;0.0;0.0;100.0;186583;2171;85;77
77402;2024;1;1.0;0.0;0.0;100.0;75000;605;124;77
77403;2024;11;11.0;0.0;0.0;100.0;181659;1801;103;77
77404;2024;16;16.0;0.0;0.0;100.0;196112;2028;98;77
77405;2024;19;18.0;1.0;5.0;95.0;191142;1924;96;77
77406;2024;12;12.0;0.0;0.0;100.0;212967;1832;115;77
77407;2024;173;115.0;58.0;34.0;66.0;271051;2994;92;77
77408;2024;4;4.0;0.0;0.0;100.0;214500;2102;98;77
77409;2024;20;20.0;0.0;0.0;100.0;197672;2335;89;77
77411;2024;7;7.0;0.0;0.0;100.0;232604;2021;116;77
77412;2024;2;2.0;0.0;0.0;100.0;340600;3434;103;77
77413;2024;53;39.0;14.0;26.0;74.0;302707;3567;88;77
77414;2024;3;3.0;0.0;0.0;100.0;123500;1455;84;77
77415;2024;16;16.0;0.0;0.0;100.0;263498;2627;99;77
77416;2024;6;6.0;0.0;0.0;100.0;208383;2071;99;77
77417;2024;5;5.0;0.0;0.0;100.0;240080;2015;131;77
77418;2024;9;9.0;0.0;0.0;100.0;172756;1954;86;77
77419;2024;36;32.0;4.0;11.0;89.0;219824;2609;87;77
77420;2024;43;30.0;13.0;30.0;70.0;255549;3334;80;77
77421;2024;2;2.0;0.0;0.0;100.0;192500;1874;103;77
77423;2024;9;9.0;0.0;0.0;100.0;199428;2071;97;77
77424;2024;3;3.0;0.0;0.0;100.0;190409;1350;146;77
77425;2024;4;4.0;0.0;0.0;100.0;473425;3412;146;77
77426;2024;5;5.0;0.0;0.0;100.0;228000;3198;83;77
77427;2024;2;2.0;0.0;0.0;100.0;285980;2407;121;77
77428;2024;7;7.0;0.0;0.0;100.0;253681;2569;103;77
77429;2024;8;8.0;0.0;0.0;100.0;259742;1729;154;77
77430;2024;52;44.0;8.0;15.0;85.0;262886;2670;100;77
77431;2024;52;46.0;6.0;12.0;88.0;214998;2383;93;77
77432;2024;10;10.0;0.0;0.0;100.0;212910;1978;109;77
77433;2024;11;11.0;0.0;0.0;100.0;250234;2814;99;77
77434;2024;10;10.0;0.0;0.0;100.0;204893;2638;85;77
77435;2024;9;9.0;0.0;0.0;100.0;412152;3046;147;77
77436;2024;11;10.0;1.0;9.0;91.0;168561;1740;101;77
77437;2024;37;32.0;5.0;14.0;86.0;239889;2768;90;77
77438;2024;42;29.0;13.0;31.0;69.0;367516;3818;100;77
77439;2024;10;10.0;0.0;0.0;100.0;185800;1979;101;77
77440;2024;10;9.0;1.0;10.0;90.0;245700;2800;88;77
77441;2024;28;28.0;0.0;0.0;100.0;524259;3907;137;77
77442;2024;26;26.0;0.0;0.0;100.0;314808;3032;106;77
77443;2024;1;1.0;0.0;0.0;100.0;282000;4209;67;77
77444;2024;4;4.0;0.0;0.0;100.0;157800;1977;100;77
77445;2024;187;99.0;88.0;47.0;53.0;210377;2722;79;77
77446;2024;9;9.0;0.0;0.0;100.0;205481;1939;114;77
77447;2024;22;19.0;3.0;14.0;86.0;431279;3672;123;77
77448;2024;1;0.0;1.0;100.0;0.0;128000;2098;61;77
77449;2024;99;19.0;80.0;81.0;19.0;314107;4747;68;77
77450;2024;34;30.0;4.0;12.0;88.0;340207;3719;97;77
77451;2024;5;5.0;0.0;0.0;100.0;201990;1823;121;77
77452;2024;1;1.0;0.0;0.0;100.0;320000;2462;130;77
77453;2024;7;7.0;0.0;0.0;100.0;263914;3444;84;77
77454;2024;8;8.0;0.0;0.0;100.0;269975;2008;138;77
77455;2024;20;15.0;5.0;25.0;75.0;233722;3089;78;77
77456;2024;11;11.0;0.0;0.0;100.0;191598;2242;90;77
77457;2024;13;10.0;3.0;23.0;77.0;255731;2856;94;77
77458;2024;45;42.0;3.0;7.0;93.0;159063;1797;94;77
77459;2024;15;15.0;0.0;0.0;100.0;169397;1785;99;77
77460;2024;3;3.0;0.0;0.0;100.0;130000;1724;73;77
77461;2024;2;2.0;0.0;0.0;100.0;150590;1910;86;77
77462;2024;6;5.0;1.0;17.0;83.0;310597;3604;86;77
77463;2024;25;22.0;3.0;12.0;88.0;301052;3774;97;77
77464;2024;88;39.0;49.0;56.0;44.0;253408;3527;76;77
77465;2024;13;13.0;0.0;0.0;100.0;205193;2219;96;77
77466;2024;4;4.0;0.0;0.0;100.0;278924;2798;112;77
77467;2024;6;6.0;0.0;0.0;100.0;125500;1622;78;77
77468;2024;176;49.0;127.0;72.0;28.0;235911;3374;73;77
77469;2024;11;11.0;0.0;0.0;100.0;236843;2024;132;77
77470;2024;61;39.0;22.0;36.0;64.0;264448;3328;87;77
77471;2024;4;4.0;0.0;0.0;100.0;348200;2675;125;77
77472;2024;3;3.0;0.0;0.0;100.0;151667;1620;93;77
77473;2024;5;5.0;0.0;0.0;100.0;361382;2571;115;77
77474;2024;10;8.0;2.0;20.0;80.0;205087;2201;102;77
77475;2024;55;50.0;5.0;9.0;91.0;243433;2919;84;77
77476;2024;2;2.0;0.0;0.0;100.0;170000;1688;101;77
77477;2024;10;10.0;0.0;0.0;100.0;274990;2226;123;77
77478;2024;5;5.0;0.0;0.0;100.0;198800;1697;107;77
77479;2024;105;64.0;41.0;39.0;61.0;301357;4003;77;77
77480;2024;7;7.0;0.0;0.0;100.0;207014;2236;99;77
77481;2024;2;2.0;0.0;0.0;100.0;125000;1880;66;77
77482;2024;25;24.0;1.0;4.0;96.0;167368;2504;71;77
77483;2024;19;19.0;0.0;0.0;100.0;262739;2960;96;77
77484;2024;2;2.0;0.0;0.0;100.0;350000;2106;166;77
77485;2024;10;10.0;0.0;0.0;100.0;484623;4605;113;77
77486;2024;7;7.0;0.0;0.0;100.0;267157;2050;138;77
77487;2024;109;62.0;47.0;43.0;57.0;240048;2746;88;77
77489;2024;3;3.0;0.0;0.0;100.0;221667;2089;114;77
77490;2024;8;7.0;1.0;12.0;88.0;209940;2145;98;77
77492;2024;11;11.0;0.0;0.0;100.0;164905;1452;110;77
77493;2024;21;18.0;3.0;14.0;86.0;273017;2746;102;77
77494;2024;24;23.0;1.0;4.0;96.0;232589;2557;96;77
77495;2024;77;68.0;9.0;12.0;88.0;261689;2949;93;77
77496;2024;2;2.0;0.0;0.0;100.0;172750;2321;73;77
77498;2024;6;3.0;3.0;50.0;50.0;293108;3189;91;77
77500;2024;5;5.0;0.0;0.0;100.0;238760;2084;123;77
77501;2024;14;14.0;0.0;0.0;100.0;224429;2335;111;77
77504;2024;8;8.0;0.0;0.0;100.0;167625;1962;84;77
77505;2024;5;5.0;0.0;0.0;100.0;282250;2665;106;77
77506;2024;3;3.0;0.0;0.0;100.0;235500;1805;118;77
77507;2024;8;8.0;0.0;0.0;100.0;128350;2015;78;77
77508;2024;23;22.0;1.0;4.0;96.0;322727;3252;105;77
77509;2024;7;7.0;0.0;0.0;100.0;220000;2368;95;77
77510;2024;4;0.0;4.0;100.0;0.0;202250;3665;57;77
77511;2024;2;2.0;0.0;0.0;100.0;198000;2434;82;77
77512;2024;13;13.0;0.0;0.0;100.0;177385;1728;107;77
77513;2024;50;26.0;24.0;48.0;52.0;227706;3556;71;77
77514;2024;228;115.0;113.0;50.0;50.0;234272;3374;72;77
77515;2024;7;7.0;0.0;0.0;100.0;263193;2993;91;77
77516;2024;8;8.0;0.0;0.0;100.0;183038;2063;88;77
77517;2024;12;11.0;1.0;8.0;92.0;299538;3219;99;77
77518;2024;1;1.0;0.0;0.0;100.0;338000;3045;111;77
77519;2024;14;14.0;0.0;0.0;100.0;152329;1578;100;77
77520;2024;6;5.0;1.0;17.0;83.0;162192;1984;89;77
77521;2024;21;21.0;0.0;0.0;100.0;276433;3375;86;77
77522;2024;2;2.0;0.0;0.0;100.0;127000;1194;112;77
77523;2024;5;5.0;0.0;0.0;100.0;177600;1471;130;77
77524;2024;3;3.0;0.0;0.0;100.0;187800;2109;112;77
77525;2024;4;4.0;0.0;0.0;100.0;254125;2268;124;77
77526;2024;3;3.0;0.0;0.0;100.0;220333;2066;110;77
77527;2024;4;4.0;0.0;0.0;100.0;200702;1966;108;77
77528;2024;6;6.0;0.0;0.0;100.0;326320;3534;93;77
77529;2024;14;14.0;0.0;0.0;100.0;274780;2667;103;77
77530;2024;5;5.0;0.0;0.0;100.0;187980;1639;122;77
77531;2024;23;20.0;3.0;13.0;87.0;157220;1974;84;77
77532;2024;1;1.0;0.0;0.0;100.0;144000;1714;84;77
77533;2024;25;24.0;1.0;4.0;96.0;315240;3044;106;77
77534;2024;9;9.0;0.0;0.0;100.0;279922;2699;109;77
78003;2024;35;31.0;4.0;11.0;89.0;263381;2764;97;78
78005;2024;156;67.0;89.0;57.0;43.0;264430;3787;72;78
78006;2024;7;7.0;0.0;0.0;100.0;487071;4133;119;78
78007;2024;9;9.0;0.0;0.0;100.0;850750;5191;163;78
78009;2024;3;3.0;0.0;0.0;100.0;194743;1812;103;78
78010;2024;7;7.0;0.0;0.0;100.0;526254;4422;122;78
78013;2024;4;4.0;0.0;0.0;100.0;309894;3184;101;78
78015;2024;162;73.0;89.0;55.0;45.0;284740;3472;85;78
78020;2024;2;2.0;0.0;0.0;100.0;309500;3165;104;78
78029;2024;98;48.0;50.0;51.0;49.0;205245;2639;78;78
78030;2024;15;14.0;1.0;7.0;93.0;367859;3100;129;78
78031;2024;3;3.0;0.0;0.0;100.0;303040;2484;123;78
78033;2024;9;9.0;0.0;0.0;100.0;300094;3153;96;78
78034;2024;7;7.0;0.0;0.0;100.0;456371;4281;106;78
78043;2024;39;15.0;24.0;62.0;38.0;470974;4381;104;78
78048;2024;17;15.0;2.0;12.0;88.0;456637;3845;116;78
78049;2024;15;14.0;1.0;7.0;93.0;374829;3615;109;78
78050;2024;6;6.0;0.0;0.0;100.0;545235;5763;126;78
78053;2024;2;2.0;0.0;0.0;100.0;408500;3472;118;78
78057;2024;14;11.0;3.0;21.0;79.0;169721;1954;88;78
78062;2024;76;50.0;26.0;34.0;66.0;282043;3387;84;78
78068;2024;5;5.0;0.0;0.0;100.0;234200;2646;89;78
78070;2024;1;1.0;0.0;0.0;100.0;264040;4801;55;78
78071;2024;4;4.0;0.0;0.0;100.0;243925;2434;105;78
78072;2024;3;3.0;0.0;0.0;100.0;298067;2311;130;78
78073;2024;185;40.0;145.0;78.0;22.0;234334;3438;69;78
78076;2024;2;2.0;0.0;0.0;100.0;233230;2651;86;78
78077;2024;1;1.0;0.0;0.0;100.0;220000;1880;117;78
78082;2024;1;0.0;1.0;100.0;0.0;260000;2080;125;78
78084;2024;5;5.0;0.0;0.0;100.0;411620;3694;110;78
78087;2024;19;14.0;5.0;26.0;74.0;322058;3526;96;78
78089;2024;39;27.0;12.0;31.0;69.0;204920;2590;86;78
78090;2024;9;8.0;1.0;11.0;89.0;325221;2840;116;78
78092;2024;82;20.0;62.0;76.0;24.0;420907;4805;83;78
78096;2024;10;10.0;0.0;0.0;100.0;464564;3608;130;78
78104;2024;9;7.0;2.0;22.0;78.0;195833;2588;91;78
78107;2024;22;19.0;3.0;14.0;86.0;239099;2730;94;78
78108;2024;12;8.0;4.0;33.0;67.0;363248;3215;122;78
78113;2024;3;3.0;0.0;0.0;100.0;263050;2829;97;78
78117;2024;52;25.0;27.0;52.0;48.0;447423;5257;85;78
78118;2024;17;14.0;3.0;18.0;82.0;242582;2751;90;78
78120;2024;9;8.0;1.0;11.0;89.0;363429;3159;122;78
78123;2024;162;56.0;106.0;65.0;35.0;235778;3658;67;78
78124;2024;124;64.0;60.0;48.0;52.0;434551;5114;85;78
78125;2024;6;6.0;0.0;0.0;100.0;378650;3352;113;78
78126;2024;158;54.0;104.0;66.0;34.0;519214;5180;94;78
78128;2024;19;18.0;1.0;5.0;95.0;325156;3556;106;78
78133;2024;38;14.0;24.0;63.0;37.0;411671;4708;85;78
78138;2024;56;32.0;24.0;43.0;57.0;223144;3106;72;78
78140;2024;7;7.0;0.0;0.0;100.0;326500;3417;110;78
78143;2024;15;11.0;4.0;27.0;73.0;465763;4553;103;78
78146;2024;299;86.0;213.0;71.0;29.0;434935;5626;76;78
78147;2024;1;1.0;0.0;0.0;100.0;270100;2701;100;78
78152;2024;12;12.0;0.0;0.0;100.0;655129;4368;155;78
78158;2024;154;48.0;106.0;69.0;31.0;572016;5976;88;78
78160;2024;55;40.0;15.0;27.0;73.0;426529;4372;105;78
78162;2024;3;3.0;0.0;0.0;100.0;519917;4418;118;78
78163;2024;2;2.0;0.0;0.0;100.0;341800;4163;82;78
78164;2024;5;4.0;1.0;20.0;80.0;446300;3557;123;78
78165;2024;136;61.0;75.0;55.0;45.0;276533;3616;77;78
78168;2024;27;16.0;11.0;41.0;59.0;248442;3519;73;78
78171;2024;11;10.0;1.0;9.0;91.0;359676;3288;109;78
78172;2024;340;184.0;156.0;46.0;54.0;289922;3879;76;78
78185;2024;3;3.0;0.0;0.0;100.0;327833;3684;102;78
78188;2024;6;6.0;0.0;0.0;100.0;304833;2405;132;78
78189;2024;13;12.0;1.0;8.0;92.0;689166;4565;154;78
78190;2024;94;34.0;60.0;64.0;36.0;566204;6130;87;78
78192;2024;12;12.0;0.0;0.0;100.0;305935;2894;116;78
78193;2024;4;4.0;0.0;0.0;100.0;877165;5357;159;78
78194;2024;1;1.0;0.0;0.0;100.0;271930;3276;83;78
78196;2024;1;1.0;0.0;0.0;100.0;616350;3713;166;78
78202;2024;6;6.0;0.0;0.0;100.0;351885;3152;113;78
78206;2024;39;26.0;13.0;33.0;67.0;257827;3056;84;78
78208;2024;293;103.0;190.0;65.0;35.0;234851;2903;83;78
78209;2024;5;5.0;0.0;0.0;100.0;402821;3260;142;78
78217;2024;54;42.0;12.0;22.0;78.0;258659;3049;86;78
78220;2024;71;46.0;25.0;35.0;65.0;296419;3248;96;78
78224;2024;48;29.0;19.0;40.0;60.0;572617;5364;107;78
78227;2024;8;8.0;0.0;0.0;100.0;332956;3210;110;78
78230;2024;6;6.0;0.0;0.0;100.0;277748;2863;96;78
78231;2024;3;3.0;0.0;0.0;100.0;253667;2412;112;78
78233;2024;32;30.0;2.0;6.0;94.0;722986;4531;158;78
78236;2024;4;4.0;0.0;0.0;100.0;388592;2680;162;78
78237;2024;2;2.0;0.0;0.0;100.0;320500;2592;154;78
78238;2024;20;15.0;5.0;25.0;75.0;221975;3064;74;78
78239;2024;12;10.0;2.0;17.0;83.0;190600;2480;87;78
78242;2024;109;28.0;81.0;74.0;26.0;234375;3601;66;78
78245;2024;2;2.0;0.0;0.0;100.0;266150;2604;102;78
78246;2024;16;16.0;0.0;0.0;100.0;257016;2445;106;78
78255;2024;39;34.0;5.0;13.0;87.0;206208;2318;91;78
78261;2024;7;6.0;1.0;14.0;86.0;235721;2810;83;78
78262;2024;12;8.0;4.0;33.0;67.0;351097;3588;97;78
78263;2024;21;20.0;1.0;5.0;95.0;427016;3368;126;78
78265;2024;19;19.0;0.0;0.0;100.0;325169;3229;105;78
78267;2024;55;48.0;7.0;13.0;87.0;247985;3040;84;78
78269;2024;13;12.0;1.0;8.0;92.0;368436;3278;118;78
78276;2024;3;3.0;0.0;0.0;100.0;191680;1900;102;78
78278;2024;4;4.0;0.0;0.0;100.0;650075;3666;183;78
78281;2024;12;11.0;1.0;8.0;92.0;318097;3268;100;78
78283;2024;7;7.0;0.0;0.0;100.0;527957;3447;143;78
78285;2024;9;8.0;1.0;11.0;89.0;421591;3073;141;78
78289;2024;8;8.0;0.0;0.0;100.0;1250388;5457;226;78
78290;2024;7;7.0;0.0;0.0;100.0;226950;2463;92;78
78291;2024;17;16.0;1.0;6.0;94.0;252470;2704;102;78
78296;2024;4;4.0;0.0;0.0;100.0;276916;2285;128;78
78297;2024;146;40.0;106.0;73.0;27.0;287600;3885;75;78
78299;2024;27;20.0;7.0;26.0;74.0;273267;3744;79;78
78300;2024;2;2.0;0.0;0.0;100.0;297125;2656;110;78
78302;2024;3;3.0;0.0;0.0;100.0;735000;5193;137;78
78305;2024;1;1.0;0.0;0.0;100.0;422500;3225;131;78
78307;2024;10;10.0;0.0;0.0;100.0;416350;3092;137;78
78310;2024;38;14.0;24.0;63.0;37.0;237666;3380;75;78
78311;2024;352;146.0;206.0;59.0;41.0;345368;4979;70;78
78314;2024;41;36.0;5.0;12.0;88.0;285913;3290;86;78
78317;2024;6;6.0;0.0;0.0;100.0;325833;2858;117;78
78320;2024;2;2.0;0.0;0.0;100.0;380950;2959;132;78
78321;2024;67;58.0;9.0;13.0;87.0;398084;3540;117;78
78322;2024;42;18.0;24.0;57.0;43.0;410562;4780;89;78
78324;2024;5;5.0;0.0;0.0;100.0;360151;2931;124;78
78325;2024;5;5.0;0.0;0.0;100.0;381520;3144;115;78
78327;2024;44;32.0;12.0;27.0;73.0;235612;2833;84;78
78329;2024;11;11.0;0.0;0.0;100.0;270780;2263;120;78
78334;2024;16;16.0;0.0;0.0;100.0;335045;4035;86;78
78335;2024;114;80.0;34.0;30.0;70.0;230104;2876;81;78
78337;2024;21;19.0;2.0;10.0;90.0;227663;2456;98;78
78343;2024;9;9.0;0.0;0.0;100.0;632871;6079;117;78
78344;2024;4;4.0;0.0;0.0;100.0;208862;2629;81;78
78346;2024;23;18.0;5.0;22.0;78.0;257675;2603;107;78
78349;2024;5;5.0;0.0;0.0;100.0;299960;2838;111;78
78350;2024;69;17.0;52.0;75.0;25.0;524884;4517;114;78
78354;2024;46;42.0;4.0;9.0;91.0;235340;2547;94;78
78356;2024;61;42.0;19.0;31.0;69.0;373320;3807;101;78
78358;2024;263;68.0;195.0;74.0;26.0;567282;6213;87;78
78361;2024;274;53.0;221.0;81.0;19.0;163399;2552;65;78
78362;2024;154;92.0;62.0;40.0;60.0;198309;2773;75;78
78364;2024;8;8.0;0.0;0.0;100.0;367891;3810;102;78
78366;2024;3;3.0;0.0;0.0;100.0;368083;3319;118;78
78367;2024;36;27.0;9.0;25.0;75.0;660772;5840;117;78
78368;2024;13;11.0;2.0;15.0;85.0;448296;3236;143;78
78372;2024;173;29.0;144.0;83.0;17.0;326790;4151;79;78
78380;2024;53;48.0;5.0;9.0;91.0;334819;3343;103;78
78381;2024;8;7.0;1.0;12.0;88.0;349927;3389;103;78
78382;2024;40;31.0;9.0;22.0;78.0;325608;4006;86;78
78383;2024;198;93.0;105.0;53.0;47.0;244314;3014;83;78
78384;2024;11;10.0;1.0;9.0;91.0;578123;5970;107;78
78385;2024;1;1.0;0.0;0.0;100.0;236000;3471;68;78
78389;2024;19;17.0;2.0;11.0;89.0;487514;4053;117;78
78391;2024;2;2.0;0.0;0.0;100.0;177500;2189;58;78
78396;2024;49;29.0;20.0;41.0;59.0;639623;5274;121;78
78397;2024;71;51.0;20.0;28.0;72.0;360517;3751;101;78
78398;2024;7;7.0;0.0;0.0;100.0;557889;5286;106;78
78401;2024;106;29.0;77.0;73.0;27.0;163832;2661;64;78
78402;2024;35;28.0;7.0;20.0;80.0;356425;4119;91;78
78403;2024;20;17.0;3.0;15.0;85.0;248402;3185;85;78
78404;2024;2;2.0;0.0;0.0;100.0;658095;3845;168;78
78407;2024;3;3.0;0.0;0.0;100.0;304783;2083;153;78
78410;2024;13;12.0;1.0;8.0;92.0;232850;2482;97;78
78415;2024;4;4.0;0.0;0.0;100.0;361172;2988;118;78
78416;2024;5;2.0;3.0;60.0;40.0;256800;2825;86;78
78417;2024;2;1.0;1.0;50.0;50.0;280450;2198;126;78
78418;2024;123;51.0;72.0;59.0;41.0;371854;4675;79;78
78420;2024;29;20.0;9.0;31.0;69.0;446267;4856;92;78
78423;2024;236;73.0;163.0;69.0;31.0;314739;3971;80;78
78431;2024;23;23.0;0.0;0.0;100.0;478635;3619;134;78
78437;2024;10;10.0;0.0;0.0;100.0;213674;2220;106;78
78440;2024;142;64.0;78.0;55.0;45.0;184416;2397;77;78
78442;2024;43;20.0;23.0;53.0;47.0;353314;3749;91;78
78443;2024;9;6.0;3.0;33.0;67.0;271944;3199;90;78
78444;2024;9;9.0;0.0;0.0;100.0;245496;2152;120;78
78451;2024;10;8.0;2.0;20.0;80.0;293438;3545;86;78
78455;2024;60;37.0;23.0;38.0;62.0;612292;5244;116;78
78460;2024;9;9.0;0.0;0.0;100.0;533738;3410;136;78
78464;2024;8;8.0;0.0;0.0;100.0;280719;2984;104;78
78465;2024;26;25.0;1.0;4.0;96.0;342516;3632;99;78
78466;2024;76;56.0;20.0;26.0;74.0;515092;4328;119;78
78470;2024;6;4.0;2.0;33.0;67.0;268650;2480;110;78
78472;2024;2;2.0;0.0;0.0;100.0;178500;3018;62;78
78474;2024;10;10.0;0.0;0.0;100.0;359055;3526;107;78
78475;2024;1;1.0;0.0;0.0;100.0;291000;2670;109;78
78481;2024;160;30.0;130.0;81.0;19.0;391160;4836;80;78
78484;2024;4;4.0;0.0;0.0;100.0;273094;2756;98;78
78486;2024;73;50.0;23.0;32.0;68.0;282344;3462;85;78
78490;2024;252;88.0;164.0;65.0;35.0;241755;3120;78;78
78497;2024;10;10.0;0.0;0.0;100.0;599093;3416;168;78
78498;2024;336;58.0;278.0;83.0;17.0;253050;3849;67;78
78499;2024;8;8.0;0.0;0.0;100.0;319670;3058;108;78
78501;2024;23;22.0;1.0;4.0;96.0;258319;2843;102;78
78502;2024;46;5.0;41.0;89.0;11.0;316864;4639;67;78
78505;2024;4;4.0;0.0;0.0;100.0;306928;2687;116;78
78506;2024;10;10.0;0.0;0.0;100.0;358673;2582;142;78
78513;2024;23;15.0;8.0;35.0;65.0;357607;3857;94;78
78516;2024;12;12.0;0.0;0.0;100.0;299644;3323;96;78
78517;2024;304;111.0;193.0;63.0;37.0;295830;3869;79;78
78518;2024;1;1.0;0.0;0.0;100.0;1090000;4258;256;78
78520;2024;16;16.0;0.0;0.0;100.0;382664;3007;130;78
78522;2024;10;8.0;2.0;20.0;80.0;342934;2963;122;78
78528;2024;2;2.0;0.0;0.0;100.0;173050;2154;80;78
78530;2024;5;4.0;1.0;20.0;80.0;294100;4710;81;78
78531;2024;33;27.0;6.0;18.0;82.0;220155;2725;84;78
78536;2024;4;4.0;0.0;0.0;100.0;268262;3432;89;78
78537;2024;71;56.0;15.0;21.0;79.0;289931;3035;98;78
78545;2024;156;29.0;127.0;81.0;19.0;283528;4077;70;78
78548;2024;2;2.0;0.0;0.0;100.0;732852;4707;149;78
78550;2024;14;14.0;0.0;0.0;100.0;339601;2985;121;78
78551;2024;451;66.0;385.0;85.0;15.0;552779;6589;82;78
78557;2024;10;8.0;2.0;20.0;80.0;225829;2759;80;78
78558;2024;2;2.0;0.0;0.0;100.0;257500;2380;109;78
78559;2024;1;0.0;1.0;100.0;0.0;108108;1802;60;78
78561;2024;1;0.0;1.0;100.0;0.0;140000;3111;45;78
78562;2024;9;7.0;2.0;22.0;78.0;270242;3364;87;78
78564;2024;6;5.0;1.0;17.0;83.0;185800;2100;93;78
78567;2024;6;6.0;0.0;0.0;100.0;348502;2611;127;78
78569;2024;7;6.0;1.0;14.0;86.0;200143;2310;92;78
78571;2024;47;40.0;7.0;15.0;85.0;734055;5152;153;78
78575;2024;57;48.0;9.0;16.0;84.0;392849;4617;93;78
78576;2024;16;11.0;5.0;31.0;69.0;389475;3684;110;78
78586;2024;482;212.0;270.0;56.0;44.0;325476;4528;73;78
78588;2024;7;7.0;0.0;0.0;100.0;478635;4021;125;78
78590;2024;4;3.0;1.0;25.0;75.0;494959;4142;132;78
78591;2024;26;20.0;6.0;23.0;77.0;237379;2815;86;78
78597;2024;8;8.0;0.0;0.0;100.0;432994;2814;152;78
78601;2024;12;11.0;1.0;8.0;92.0;313297;3193;105;78
78605;2024;10;10.0;0.0;0.0;100.0;302316;3601;91;78
78606;2024;1;1.0;0.0;0.0;100.0;373000;2608;143;78
78608;2024;1;1.0;0.0;0.0;100.0;303000;2886;105;78
78609;2024;12;12.0;0.0;0.0;100.0;273018;2840;97;78
78615;2024;9;7.0;2.0;22.0;78.0;446336;4789;93;78
78616;2024;17;13.0;4.0;24.0;76.0;357162;3513;103;78
78618;2024;6;6.0;0.0;0.0;100.0;404592;2490;156;78
78620;2024;8;5.0;3.0;38.0;62.0;481794;5631;87;78
78621;2024;146;35.0;111.0;76.0;24.0;189125;2936;66;78
78623;2024;5;4.0;1.0;20.0;80.0;366240;3905;96;78
78624;2024;110;70.0;40.0;36.0;64.0;317421;3531;90;78
78638;2024;49;42.0;7.0;14.0;86.0;327020;3380;101;78
78640;2024;161;34.0;127.0;79.0;21.0;340360;4863;71;78
78642;2024;161;70.0;91.0;57.0;43.0;307657;3554;87;78
78643;2024;62;48.0;14.0;23.0;77.0;449002;4256;106;78
78644;2024;13;11.0;2.0;15.0;85.0;294826;4130;77;78
78646;2024;801;74.0;727.0;91.0;9.0;516522;6898;73;78
78647;2024;6;6.0;0.0;0.0;100.0;239221;3342;71;78
78650;2024;174;62.0;112.0;64.0;36.0;711039;6891;96;78
78653;2024;2;2.0;0.0;0.0;100.0;290000;6588;41;78
78655;2024;3;3.0;0.0;0.0;100.0;355975;2781;130;78
78668;2024;8;8.0;0.0;0.0;100.0;254027;2570;104;78
78672;2024;49;29.0;20.0;41.0;59.0;521677;4955;103;78
78674;2024;87;61.0;26.0;30.0;70.0;313549;3934;81;78
78677;2024;5;5.0;0.0;0.0;100.0;387200;2847;137;78
78681;2024;2;2.0;0.0;0.0;100.0;168700;2989;62;78
78683;2024;24;21.0;3.0;12.0;88.0;407586;3780;113;78
78686;2024;171;39.0;132.0;77.0;23.0;424678;6026;69;78
78688;2024;87;51.0;36.0;41.0;59.0;413166;4320;98;78
91001;2024;2;2.0;0.0;0.0;100.0;234500;1242;172;91
91016;2024;49;44.0;5.0;10.0;90.0;200259;2205;93;91
91017;2024;8;8.0;0.0;0.0;100.0;456150;3238;133;91
91021;2024;129;32.0;97.0;75.0;25.0;187159;3247;58;91
91027;2024;254;103.0;151.0;59.0;41.0;229079;3579;66;91
91035;2024;1;1.0;0.0;0.0;100.0;318330;2920;109;91
91037;2024;3;2.0;1.0;33.0;67.0;342867;3214;123;91
91038;2024;4;3.0;1.0;25.0;75.0;282475;2867;95;91
91041;2024;5;4.0;1.0;20.0;80.0;304600;2717;108;91
91044;2024;47;29.0;18.0;38.0;62.0;308597;3357;92;91
91045;2024;75;58.0;17.0;23.0;77.0;248313;2951;87;91
91047;2024;22;17.0;5.0;23.0;77.0;214826;2852;81;91
91064;2024;36;15.0;21.0;58.0;42.0;378433;4738;78;91
91067;2024;2;2.0;0.0;0.0;100.0;208750;1725;122;91
91069;2024;5;5.0;0.0;0.0;100.0;170627;1967;90;91
91075;2024;1;1.0;0.0;0.0;100.0;80000;2424;33;91
91079;2024;8;8.0;0.0;0.0;100.0;230838;2483;98;91
91080;2024;17;13.0;4.0;24.0;76.0;246359;2908;88;91
91081;2024;3;3.0;0.0;0.0;100.0;247750;2969;94;91
91085;2024;47;37.0;10.0;21.0;79.0;272720;3246;90;91
91086;2024;106;56.0;50.0;47.0;53.0;231057;3049;79;91
91093;2024;3;3.0;0.0;0.0;100.0;333333;3628;99;91
91095;2024;17;13.0;4.0;24.0;76.0;239629;2917;83;91
91097;2024;66;26.0;40.0;61.0;39.0;215970;2769;78;91
91098;2024;4;4.0;0.0;0.0;100.0;269325;2258;128;91
91099;2024;28;24.0;4.0;14.0;86.0;233166;2863;84;91
91100;2024;3;3.0;0.0;0.0;100.0;278333;2712;108;91
91103;2024;212;83.0;129.0;61.0;39.0;215810;3306;69;91
91105;2024;65;58.0;7.0;11.0;89.0;281050;3086;98;91
91106;2024;17;16.0;1.0;6.0;94.0;312792;2891;115;91
91109;2024;8;8.0;0.0;0.0;100.0;288295;3128;109;91
91111;2024;35;30.0;5.0;14.0;86.0;307029;3394;99;91
91112;2024;3;3.0;0.0;0.0;100.0;203333;3687;70;91
91114;2024;235;113.0;122.0;52.0;48.0;280900;3586;80;91
91115;2024;32;22.0;10.0;31.0;69.0;247298;3062;83;91
91121;2024;5;5.0;0.0;0.0;100.0;289252;3538;92;91
91122;2024;60;37.0;23.0;38.0;62.0;338208;4382;82;91
91129;2024;41;40.0;1.0;2.0;98.0;255967;2698;103;91
91130;2024;10;9.0;1.0;10.0;90.0;249625;2347;104;91
91131;2024;4;4.0;0.0;0.0;100.0;409130;3128;175;91
91132;2024;16;12.0;4.0;25.0;75.0;215075;2539;86;91
91135;2024;28;28.0;0.0;0.0;100.0;256389;2789;92;91
91136;2024;16;12.0;4.0;25.0;75.0;274041;3780;74;91
91137;2024;4;4.0;0.0;0.0;100.0;200625;1880;118;91
91156;2024;20;16.0;4.0;20.0;80.0;257825;3150;85;91
91159;2024;22;13.0;9.0;41.0;59.0;272186;3741;79;91
91161;2024;206;29.0;177.0;86.0;14.0;185549;2848;68;91
91174;2024;521;117.0;404.0;78.0;22.0;151157;2610;60;91
91175;2024;15;10.0;5.0;33.0;67.0;220697;3539;74;91
91179;2024;44;24.0;20.0;45.0;55.0;249132;2993;85;91
91186;2024;1;1.0;0.0;0.0;100.0;267200;1979;135;91
91191;2024;109;43.0;66.0;61.0;39.0;244318;3596;70;91
91195;2024;12;10.0;2.0;17.0;83.0;356449;3153;120;91
91198;2024;18;16.0;2.0;11.0;89.0;257098;3199;84;91
91200;2024;103;60.0;43.0;42.0;58.0;232228;2910;82;91
91201;2024;249;155.0;94.0;38.0;62.0;276777;3509;81;91
91204;2024;2;2.0;0.0;0.0;100.0;352000;2660;132;91
91207;2024;46;37.0;9.0;20.0;80.0;268233;3131;88;91
91215;2024;63;17.0;46.0;73.0;27.0;153116;2149;71;91
91216;2024;93;58.0;35.0;38.0;62.0;287038;3646;80;91
91223;2024;273;95.0;178.0;65.0;35.0;158139;2454;68;91
91225;2024;29;21.0;8.0;28.0;72.0;425693;3853;114;91
91226;2024;88;61.0;27.0;31.0;69.0;234056;3072;78;91
91228;2024;459;84.0;375.0;82.0;18.0;162951;2437;70;91
91232;2024;35;23.0;12.0;34.0;66.0;212137;2744;78;91
91235;2024;41;9.0;32.0;78.0;22.0;178108;2860;64;91
91240;2024;1;0.0;1.0;100.0;0.0;155835;2195;71;91
91243;2024;20;18.0;2.0;10.0;90.0;311448;3172;100;91
91244;2024;11;7.0;4.0;36.0;64.0;231955;3085;79;91
91247;2024;2;2.0;0.0;0.0;100.0;322000;3178;95;91
91248;2024;3;2.0;1.0;33.0;67.0;153500;1696;92;91
91249;2024;46;38.0;8.0;17.0;83.0;343523;3042;119;91
91272;2024;187;90.0;97.0;52.0;48.0;374692;4050;96;91
91273;2024;10;10.0;0.0;0.0;100.0;197000;2098;97;91
91274;2024;9;8.0;1.0;11.0;89.0;381274;4088;98;91
91275;2024;14;11.0;3.0;21.0;79.0;333636;3967;92;91
91284;2024;10;10.0;0.0;0.0;100.0;273040;2717;101;91
91286;2024;158;18.0;140.0;89.0;11.0;88866;1439;59;91
91292;2024;8;8.0;0.0;0.0;100.0;340984;3409;101;91
91293;2024;10;7.0;3.0;30.0;70.0;269830;2400;118;91
91294;2024;8;8.0;0.0;0.0;100.0;281874;2654;108;91
91312;2024;85;58.0;27.0;32.0;68.0;422175;4538;96;91
91315;2024;57;55.0;2.0;4.0;96.0;277278;3344;90;91
91318;2024;21;20.0;1.0;5.0;95.0;322707;3397;100;91
91319;2024;9;8.0;1.0;11.0;89.0;330474;3623;98;91
91326;2024;214;44.0;170.0;79.0;21.0;227545;3860;62;91
91330;2024;48;33.0;15.0;31.0;69.0;251150;3051;87;91
91332;2024;13;11.0;2.0;15.0;85.0;335603;2936;117;91
91333;2024;52;39.0;13.0;25.0;75.0;260014;3126;88;91
91338;2024;62;49.0;13.0;21.0;79.0;346951;3399;106;91
91339;2024;72;42.0;30.0;42.0;58.0;261670;3287;82;91
91340;2024;61;46.0;15.0;25.0;75.0;248210;3127;84;91
91345;2024;195;54.0;141.0;72.0;28.0;212190;3027;71;91
91347;2024;55;43.0;12.0;22.0;78.0;295922;3337;91;91
91359;2024;35;32.0;3.0;9.0;91.0;211438;2534;88;91
91363;2024;68;51.0;17.0;25.0;75.0;291518;3320;92;91
91374;2024;4;4.0;0.0;0.0;100.0;254528;2550;106;91
91376;2024;46;28.0;18.0;39.0;61.0;258941;3356;82;91
91377;2024;490;62.0;428.0;87.0;13.0;259568;4021;67;91
91378;2024;4;4.0;0.0;0.0;100.0;314882;3089;102;91
91386;2024;173;103.0;70.0;40.0;60.0;267942;3113;90;91
91390;2024;38;35.0;3.0;8.0;92.0;194755;2292;89;91
91393;2024;4;4.0;0.0;0.0;100.0;245905;1920;128;91
91399;2024;2;2.0;0.0;0.0;100.0;151750;1658;92;91
91405;2024;40;33.0;7.0;18.0;82.0;314551;3468;95;91
91408;2024;8;7.0;1.0;12.0;88.0;309316;3442;94;91
91411;2024;15;14.0;1.0;7.0;93.0;311061;3436;95;91
91412;2024;6;5.0;1.0;17.0;83.0;252340;2999;86;91
91414;2024;4;4.0;0.0;0.0;100.0;163238;1544;108;91
91421;2024;192;117.0;75.0;39.0;61.0;284864;3867;77;91
91425;2024;80;45.0;35.0;44.0;56.0;277630;3426;84;91
91432;2024;119;78.0;41.0;34.0;66.0;269398;3637;78;91
91433;2024;36;26.0;10.0;28.0;72.0;251764;2841;93;91
91434;2024;187;114.0;73.0;39.0;61.0;246153;3408;76;91
91435;2024;5;5.0;0.0;0.0;100.0;398150;2812;173;91
91441;2024;4;4.0;0.0;0.0;100.0;316800;2912;110;91
91457;2024;37;32.0;5.0;14.0;86.0;281317;3176;91;91
91458;2024;37;20.0;17.0;46.0;54.0;277493;3341;85;91
91461;2024;48;41.0;7.0;15.0;85.0;284632;3102;93;91
91463;2024;13;10.0;3.0;23.0;77.0;286846;3075;97;91
91468;2024;24;19.0;5.0;21.0;79.0;250732;2940;89;91
91469;2024;3;3.0;0.0;0.0;100.0;293333;2187;136;91
91471;2024;147;77.0;70.0;48.0;52.0;338474;4365;81;91
91477;2024;300;88.0;212.0;71.0;29.0;292853;4136;73;91
91479;2024;67;54.0;13.0;19.0;81.0;308406;4046;80;91
91482;2024;6;2.0;4.0;67.0;33.0;188230;2454;81;91
91494;2024;34;28.0;6.0;18.0;82.0;282138;3244;88;91
91495;2024;5;5.0;0.0;0.0;100.0;194300;2064;97;91
91507;2024;3;3.0;0.0;0.0;100.0;321233;2974;108;91
91508;2024;2;2.0;0.0;0.0;100.0;257335;3204;93;91
91511;2024;33;20.0;13.0;39.0;61.0;148188;2078;71;91
91514;2024;79;48.0;31.0;39.0;61.0;258471;3383;81;91
91519;2024;1;1.0;0.0;0.0;100.0;442200;2457;180;91
91521;2024;238;59.0;179.0;75.0;25.0;169731;2511;68;91
91525;2024;8;6.0;2.0;25.0;75.0;201912;3318;68;91
91526;2024;1;1.0;0.0;0.0;100.0;290000;1801;161;91
91533;2024;20;16.0;4.0;20.0;80.0;180208;2262;81;91
91534;2024;27;18.0;9.0;33.0;67.0;402547;4687;91;91
91538;2024;4;3.0;1.0;25.0;75.0;347852;3160;110;91
91540;2024;41;30.0;11.0;27.0;73.0;257173;3019;88;91
91544;2024;6;4.0;2.0;33.0;67.0;240996;2104;131;91
91546;2024;14;13.0;1.0;7.0;93.0;400268;3131;131;91
91547;2024;11;11.0;0.0;0.0;100.0;193795;1634;114;91
91549;2024;308;177.0;131.0;43.0;57.0;261325;3451;78;91
91552;2024;82;56.0;26.0;32.0;68.0;263026;3180;83;91
91553;2024;81;62.0;19.0;23.0;77.0;302817;3338;93;91
91556;2024;3;2.0;1.0;33.0;67.0;392967;2935;127;91
91560;2024;2;2.0;0.0;0.0;100.0;372500;3862;100;91
91568;2024;9;7.0;2.0;22.0;78.0;289456;3206;92;91
91570;2024;148;63.0;85.0;57.0;43.0;217148;2773;79;91
91573;2024;98;46.0;52.0;53.0;47.0;233845;3348;72;91
91577;2024;67;57.0;10.0;15.0;85.0;319998;3167;105;91
91578;2024;3;3.0;0.0;0.0;100.0;463569;3025;151;91
91579;2024;30;24.0;6.0;20.0;80.0;239421;3160;77;91
91581;2024;7;7.0;0.0;0.0;100.0;293831;3242;90;91
91587;2024;65;39.0;26.0;40.0;60.0;282693;3416;89;91
91589;2024;383;217.0;166.0;43.0;57.0;245779;3506;72;91
91593;2024;21;19.0;2.0;10.0;90.0;284416;2977;103;91
91599;2024;18;17.0;1.0;6.0;94.0;271535;3273;87;91
91600;2024;56;38.0;18.0;32.0;68.0;323321;3451;98;91
91602;2024;5;5.0;0.0;0.0;100.0;212500;2839;76;91
91613;2024;3;3.0;0.0;0.0;100.0;263667;2004;131;91
91617;2024;30;20.0;10.0;33.0;67.0;287240;3408;86;91
91619;2024;1;1.0;0.0;0.0;100.0;370000;3458;107;91
91629;2024;9;9.0;0.0;0.0;100.0;312388;2705;119;91
91630;2024;16;16.0;0.0;0.0;100.0;331944;3007;112;91
91631;2024;12;12.0;0.0;0.0;100.0;358624;3642;107;91
91634;2024;13;10.0;3.0;23.0;77.0;273728;2923;100;91
91635;2024;20;17.0;3.0;15.0;85.0;410100;4796;91;91
91639;2024;8;8.0;0.0;0.0;100.0;230091;2996;82;91
91645;2024;128;67.0;61.0;48.0;52.0;441364;4690;94;91
91648;2024;20;14.0;6.0;30.0;70.0;243791;3248;80;91
91649;2024;24;17.0;7.0;29.0;71.0;213286;2552;86;91
91654;2024;9;9.0;0.0;0.0;100.0;346233;2763;129;91
91657;2024;212;119.0;93.0;44.0;56.0;217603;3325;68;91
91659;2024;38;26.0;12.0;32.0;68.0;246028;2974;84;91
91661;2024;94;47.0;47.0;50.0;50.0;295880;3615;84;91
91662;2024;5;5.0;0.0;0.0;100.0;813990;4729;132;91
91665;2024;57;48.0;9.0;16.0;84.0;315461;3575;91;91
91666;2024;27;22.0;5.0;19.0;81.0;345687;3799;94;91
91667;2024;52;37.0;15.0;29.0;71.0;304408;3673;85;91
91671;2024;4;4.0;0.0;0.0;100.0;304600;2050;153;91
91679;2024;6;6.0;0.0;0.0;100.0;534167;6569;86;91
91685;2024;50;33.0;17.0;34.0;66.0;276778;3480;81;91
91687;2024;254;86.0;168.0;66.0;34.0;209910;3242;66;91
91689;2024;75;30.0;45.0;60.0;40.0;295616;4102;77;91
91691;2024;293;136.0;157.0;54.0;46.0;283044;3657;79;91
91692;2024;153;16.0;137.0;90.0;10.0;179321;2524;73;91
92002;2024;544;169.0;375.0;69.0;31.0;405675;5316;77;92
92004;2024;1001;89.0;912.0;91.0;9.0;384222;6364;59;92
92007;2024;203;47.0;156.0;77.0;23.0;340702;5261;66;92
92009;2024;332;65.0;267.0;80.0;20.0;435122;6674;64;92
92012;2024;1323;22.0;1301.0;98.0;2.0;501138;8313;59;92
92014;2024;210;32.0;178.0;85.0;15.0;373036;5582;67;92
92019;2024;296;25.0;271.0;92.0;8.0;325758;4742;70;92
92020;2024;333;47.0;286.0;86.0;14.0;344832;5745;61;92
92022;2024;200;34.0;166.0;83.0;17.0;376401;5957;63;92
92023;2024;465;122.0;343.0;74.0;26.0;438973;6035;71;92
92024;2024;529;6.0;523.0;99.0;1.0;330345;6700;50;92
92025;2024;694;215.0;479.0;69.0;31.0;373374;5544;65;92
92026;2024;884;28.0;856.0;97.0;3.0;381427;6684;58;92
92032;2024;167;24.0;143.0;86.0;14.0;310987;4818;66;92
92033;2024;170;32.0;138.0;81.0;19.0;535730;6303;82;92
92035;2024;321;36.0;285.0;89.0;11.0;425750;6731;62;92
92036;2024;132;23.0;109.0;83.0;17.0;264663;4504;60;92
92040;2024;611;44.0;567.0;93.0;7.0;434333;7438;58;92
92044;2024;729;8.0;721.0;99.0;1.0;499760;8940;55;92
92046;2024;205;31.0;174.0;85.0;15.0;353827;6715;53;92
92047;2024;17;15.0;2.0;12.0;88.0;1393926;7189;174;92
92048;2024;359;47.0;312.0;87.0;13.0;473111;6060;76;92
92049;2024;540;22.0;518.0;96.0;4.0;390123;7100;55;92
92050;2024;376;86.0;290.0;77.0;23.0;334698;5412;62;92
92051;2024;779;11.0;768.0;99.0;1.0;838150;10339;79;92
92060;2024;288;32.0;256.0;89.0;11.0;372948;5556;68;92
92062;2024;441;14.0;427.0;97.0;3.0;402184;6936;58;92
92063;2024;812;192.0;620.0;76.0;24.0;468382;6043;74;92
92064;2024;327;50.0;277.0;85.0;15.0;599677;6911;83;92
92071;2024;202;35.0;167.0;83.0;17.0;523219;6294;80;92
92072;2024;195;33.0;162.0;83.0;17.0;464996;6156;75;92
92073;2024;452;61.0;391.0;87.0;13.0;461190;6920;66;92
92075;2024;313;23.0;290.0;93.0;7.0;363399;6310;58;92
92076;2024;97;24.0;73.0;75.0;25.0;602288;5727;102;92
92077;2024;73;13.0;60.0;82.0;18.0;506199;5701;89;92
92078;2024;96;14.0;82.0;85.0;15.0;202182;3411;62;92
93001;2024;363;30.0;333.0;92.0;8.0;191093;3983;49;93
93005;2024;499;271.0;228.0;46.0;54.0;249318;3638;73;93
93006;2024;193;39.0;154.0;80.0;20.0;327675;5593;59;93
93007;2024;243;150.0;93.0;38.0;62.0;292822;4305;73;93
93008;2024;157;60.0;97.0;62.0;38.0;222597;3497;68;93
93010;2024;288;115.0;173.0;60.0;40.0;200449;3236;64;93
93013;2024;104;20.0;84.0;81.0;19.0;235349;4245;58;93
93014;2024;121;42.0;79.0;65.0;35.0;170934;2452;72;93
93015;2024;46;31.0;15.0;33.0;67.0;250595;3014;90;93
93027;2024;111;33.0;78.0;70.0;30.0;196915;3235;63;93
93029;2024;433;223.0;210.0;48.0;52.0;220577;3848;61;93
93030;2024;25;8.0;17.0;68.0;32.0;192169;2736;70;93
93031;2024;289;66.0;223.0;77.0;23.0;188859;2982;65;93
93032;2024;336;186.0;150.0;45.0;55.0;255844;3548;74;93
93033;2024;62;40.0;22.0;35.0;65.0;329940;4319;83;93
93039;2024;35;3.0;32.0;91.0;9.0;273499;4214;63;93
93045;2024;165;17.0;148.0;90.0;10.0;351087;6613;54;93
93046;2024;446;166.0;280.0;63.0;37.0;208279;3217;67;93
93047;2024;190;145.0;45.0;24.0;76.0;276581;3765;79;93
93048;2024;883;159.0;724.0;82.0;18.0;333516;5871;58;93
93049;2024;202;79.0;123.0;61.0;39.0;278655;4162;69;93
93050;2024;198;55.0;143.0;72.0;28.0;229725;3418;69;93
93051;2024;564;154.0;410.0;73.0;27.0;280484;4333;68;93
93053;2024;235;68.0;167.0;71.0;29.0;236534;3791;64;93
93055;2024;462;22.0;440.0;95.0;5.0;294275;5849;50;93
93057;2024;213;83.0;130.0;61.0;39.0;223559;3695;62;93
93059;2024;43;18.0;25.0;58.0;42.0;188604;3363;59;93
93061;2024;124;10.0;114.0;92.0;8.0;324001;6194;51;93
93062;2024;169;62.0;107.0;63.0;37.0;353752;4345;81;93
93063;2024;210;54.0;156.0;74.0;26.0;330854;5382;62;93
93064;2024;378;65.0;313.0;83.0;17.0;231497;3897;62;93
93066;2024;564;55.0;509.0;90.0;10.0;200778;3982;52;93
93070;2024;472;28.0;444.0;94.0;6.0;336400;6254;54;93
93071;2024;259;140.0;119.0;46.0;54.0;209514;2927;73;93
93072;2024;149;66.0;83.0;56.0;44.0;193078;3201;63;93
93073;2024;269;178.0;91.0;34.0;66.0;248083;3363;77;93
93074;2024;96;49.0;47.0;49.0;51.0;245356;3561;72;93
93077;2024;256;109.0;147.0;57.0;43.0;275980;3918;72;93
93078;2024;265;133.0;132.0;50.0;50.0;215591;2990;74;93
93079;2024;26;13.0;13.0;50.0;50.0;220388;3311;67;93
94001;2024;48;19.0;29.0;60.0;40.0;230702;3762;63;94
94002;2024;339;45.0;294.0;87.0;13.0;271507;4934;56;94
94003;2024;137;37.0;100.0;73.0;27.0;341877;5604;61;94
94004;2024;127;28.0;99.0;78.0;22.0;223703;3338;71;94
94011;2024;66;27.0;39.0;59.0;41.0;276725;4075;70;94
94015;2024;179;53.0;126.0;70.0;30.0;399231;5088;78;94
94016;2024;233;44.0;189.0;81.0;19.0;283364;4908;59;94
94017;2024;507;208.0;299.0;59.0;41.0;275587;4096;70;94
94018;2024;297;7.0;290.0;98.0;2.0;439836;7338;60;94
94019;2024;178;53.0;125.0;70.0;30.0;269211;3742;73;94
94021;2024;115;12.0;103.0;90.0;10.0;243931;3762;66;94
94022;2024;367;67.0;300.0;82.0;18.0;212890;3647;61;94
94028;2024;496;49.0;447.0;90.0;10.0;252035;3871;67;94
94033;2024;431;117.0;314.0;73.0;27.0;402915;6008;68;94
94034;2024;219;22.0;197.0;90.0;10.0;227803;3493;67;94
94037;2024;93;11.0;82.0;88.0;12.0;328934;6088;56;94
94038;2024;238;77.0;161.0;68.0;32.0;320295;4471;72;94
94041;2024;395;19.0;376.0;95.0;5.0;237944;4992;49;94
94042;2024;210;47.0;163.0;78.0;22.0;384472;6037;63;94
94043;2024;139;5.0;134.0;96.0;4.0;293891;5673;54;94
94044;2024;206;67.0;139.0;67.0;33.0;233437;3494;69;94
94046;2024;501;80.0;421.0;84.0;16.0;340774;5608;61;94
94047;2024;36;28.0;8.0;22.0;78.0;334780;3667;96;94
94048;2024;43;32.0;11.0;26.0;74.0;363481;3653;107;94
94052;2024;413;49.0;364.0;88.0;12.0;420409;6107;67;94
94053;2024;35;22.0;13.0;37.0;63.0;347161;4404;87;94
94054;2024;109;47.0;62.0;57.0;43.0;245789;3801;67;94
94055;2024;104;99.0;5.0;5.0;95.0;389327;4240;99;94
94056;2024;40;33.0;7.0;18.0;82.0;303644;3346;95;94
94058;2024;400;122.0;278.0;70.0;30.0;429513;5828;72;94
94059;2024;187;48.0;139.0;74.0;26.0;279439;3956;71;94
94060;2024;99;80.0;19.0;19.0;81.0;295559;3366;91;94
94065;2024;48;15.0;33.0;69.0;31.0;352060;4147;85;94
94067;2024;259;5.0;254.0;98.0;2.0;555857;8599;62;94
94068;2024;963;320.0;643.0;67.0;33.0;453739;6048;73;94
94069;2024;116;4.0;112.0;97.0;3.0;370417;5673;62;94
94070;2024;30;19.0;11.0;37.0;63.0;464074;3982;112;94
94071;2024;202;112.0;90.0;45.0;55.0;335949;4089;84;94
94073;2024;269;53.0;216.0;80.0;20.0;263743;3862;71;94
94074;2024;34;16.0;18.0;53.0;47.0;241306;3613;70;94
94075;2024;88;56.0;32.0;36.0;64.0;309741;3737;87;94
94076;2024;353;78.0;275.0;78.0;22.0;301136;5090;61;94
94077;2024;171;99.0;72.0;42.0;58.0;249854;3844;68;94
94078;2024;153;49.0;104.0;68.0;32.0;159758;3103;54;94
94079;2024;271;83.0;188.0;69.0;31.0;266068;3979;68;94
94080;2024;674;26.0;648.0;96.0;4.0;485752;8671;55;94
94081;2024;480;129.0;351.0;73.0;27.0;262132;4393;61;94
95002;2024;17;13.0;4.0;24.0;76.0;312125;2983;107;95
95008;2024;11;9.0;2.0;18.0;82.0;213746;2425;91;95
95011;2024;10;10.0;0.0;0.0;100.0;224474;3298;70;95
95012;2024;3;3.0;0.0;0.0;100.0;145333;1588;98;95
95014;2024;19;14.0;5.0;26.0;74.0;508146;4173;125;95
95018;2024;788;334.0;454.0;58.0;42.0;226533;3552;66;95
95019;2024;84;54.0;30.0;36.0;64.0;227185;3672;73;95
95023;2024;4;4.0;0.0;0.0;100.0;263625;2696;99;95
95024;2024;2;2.0;0.0;0.0;100.0;257025;3328;77;95
95026;2024;25;22.0;3.0;12.0;88.0;275763;3200;91;95
95028;2024;18;15.0;3.0;17.0;83.0;332259;3567;96;95
95039;2024;71;52.0;19.0;27.0;73.0;282882;3594;83;95
95040;2024;11;11.0;0.0;0.0;100.0;317475;2628;134;95
95042;2024;22;19.0;3.0;14.0;86.0;298166;3676;83;95
95046;2024;2;2.0;0.0;0.0;100.0;172323;1478;108;95
95051;2024;79;51.0;28.0;35.0;65.0;306901;3927;83;95
95052;2024;112;46.0;66.0;59.0;41.0;191017;3114;65;95
95054;2024;6;6.0;0.0;0.0;100.0;286739;2977;92;95
95055;2024;6;6.0;0.0;0.0;100.0;264333;3345;80;95
95056;2024;16;15.0;1.0;6.0;94.0;276945;3180;90;95
95058;2024;36;27.0;9.0;25.0;75.0;258176;3452;82;95
95059;2024;2;2.0;0.0;0.0;100.0;303925;2192;138;95
95060;2024;86;46.0;40.0;47.0;53.0;286717;3662;84;95
95061;2024;3;3.0;0.0;0.0;100.0;412067;3449;123;95
95063;2024;241;85.0;156.0;65.0;35.0;296262;4319;68;95
95074;2024;7;6.0;1.0;14.0;86.0;421236;3928;120;95
95078;2024;18;16.0;2.0;11.0;89.0;318841;3004;108;95
95088;2024;7;1.0;6.0;86.0;14.0;254806;4174;63;95
95091;2024;49;41.0;8.0;16.0;84.0;306596;3400;91;95
95094;2024;3;2.0;1.0;33.0;67.0;278333;3441;80;95
95101;2024;11;11.0;0.0;0.0;100.0;220155;2489;89;95
95102;2024;6;6.0;0.0;0.0;100.0;345417;3764;93;95
95110;2024;2;2.0;0.0;0.0;100.0;271750;3642;86;95
95116;2024;31;27.0;4.0;13.0;87.0;255350;2759;96;95
95119;2024;1;1.0;0.0;0.0;100.0;278000;2550;109;95
95120;2024;21;21.0;0.0;0.0;100.0;330969;3145;110;95
95127;2024;527;113.0;414.0;79.0;21.0;200224;3269;66;95
95134;2024;46;44.0;2.0;4.0;96.0;314687;3222;102;95
95139;2024;1;1.0;0.0;0.0;100.0;150000;2500;60;95
95142;2024;22;18.0;4.0;18.0;82.0;209542;2818;81;95
95149;2024;44;34.0;10.0;23.0;77.0;314566;3787;90;95
95150;2024;5;5.0;0.0;0.0;100.0;253450;2718;91;95
95151;2024;3;3.0;0.0;0.0;100.0;256102;2843;106;95
95154;2024;3;3.0;0.0;0.0;100.0;309333;2744;119;95
95157;2024;2;2.0;0.0;0.0;100.0;258015;1926;144;95
95166;2024;4;4.0;0.0;0.0;100.0;264914;2302;124;95
95169;2024;5;5.0;0.0;0.0;100.0;303964;2072;144;95
95170;2024;5;3.0;2.0;40.0;60.0;219980;2797;75;95
95176;2024;261;152.0;109.0;42.0;58.0;343131;4378;80;95
95177;2024;13;13.0;0.0;0.0;100.0;308715;3664;84;95
95183;2024;58;28.0;30.0;52.0;48.0;247876;3488;73;95
95197;2024;214;77.0;137.0;64.0;36.0;299595;3932;76;95
95199;2024;146;67.0;79.0;54.0;46.0;246538;3171;80;95
95203;2024;217;100.0;117.0;54.0;46.0;311012;4074;78;95
95205;2024;48;23.0;25.0;52.0;48.0;252282;3400;75;95
95210;2024;143;26.0;117.0;82.0;18.0;365454;5193;72;95
95211;2024;20;18.0;2.0;10.0;90.0;348019;3766;103;95
95213;2024;5;5.0;0.0;0.0;100.0;583100;3166;217;95
95214;2024;1;1.0;0.0;0.0;100.0;160000;1928;83;95
95218;2024;135;60.0;75.0;56.0;44.0;251621;3204;82;95
95219;2024;221;75.0;146.0;66.0;34.0;291101;4003;74;95
95229;2024;91;40.0;51.0;56.0;44.0;241702;3222;77;95
95241;2024;10;8.0;2.0;20.0;80.0;229640;3172;74;95
95250;2024;71;67.0;4.0;6.0;94.0;259442;3265;83;95
95252;2024;389;91.0;298.0;77.0;23.0;223491;3297;69;95
95253;2024;7;7.0;0.0;0.0;100.0;392450;3551;107;95
95254;2024;3;3.0;0.0;0.0;100.0;328850;2083;160;95
95256;2024;27;22.0;5.0;19.0;81.0;316363;3304;100;95
95257;2024;54;40.0;14.0;26.0;74.0;343723;4248;85;95
95258;2024;2;2.0;0.0;0.0;100.0;619250;2768;186;95
95268;2024;165;42.0;123.0;75.0;25.0;169413;2598;67;95
95270;2024;7;4.0;3.0;43.0;57.0;246613;2318;110;95
95271;2024;2;2.0;0.0;0.0;100.0;257000;3450;74;95
95277;2024;143;58.0;85.0;59.0;41.0;220528;3142;73;95
95280;2024;161;125.0;36.0;22.0;78.0;223237;3483;69;95
95287;2024;4;3.0;1.0;25.0;75.0;202475;3511;57;95
95288;2024;70;37.0;33.0;47.0;53.0;285159;3458;85;95
95295;2024;1;1.0;0.0;0.0;100.0;315000;4038;78;95
95298;2024;7;7.0;0.0;0.0;100.0;290092;2861;104;95
95301;2024;4;4.0;0.0;0.0;100.0;236055;2320;102;95
95303;2024;2;1.0;1.0;50.0;50.0;194000;2717;72;95
95304;2024;2;2.0;0.0;0.0;100.0;434425;3004;148;95
95306;2024;247;137.0;110.0;45.0;55.0;291018;3831;78;95
95308;2024;5;2.0;3.0;60.0;40.0;233800;5300;37;95
95309;2024;1;1.0;0.0;0.0;100.0;333000;2664;125;95
95313;2024;169;77.0;92.0;54.0;46.0;349584;4345;82;95
95316;2024;5;5.0;0.0;0.0;100.0;339240;3266;107;95
95323;2024;142;113.0;29.0;20.0;80.0;273281;3084;91;95
95328;2024;10;6.0;4.0;40.0;60.0;307376;3496;92;95
95331;2024;1;1.0;0.0;0.0;100.0;302919;2681;113;95
95341;2024;3;2.0;1.0;33.0;67.0;270333;2633;100;95
95348;2024;11;11.0;0.0;0.0;100.0;277032;3218;94;95
95351;2024;84;46.0;38.0;45.0;55.0;232878;3416;71;95
95352;2024;58;42.0;16.0;28.0;72.0;352211;3784;94;95
95353;2024;17;9.0;8.0;47.0;53.0;223165;3793;61;95
95355;2024;41;30.0;11.0;27.0;73.0;211856;3127;73;95
95365;2024;2;2.0;0.0;0.0;100.0;287500;5682;74;95
95369;2024;21;11.0;10.0;48.0;52.0;322252;3829;85;95
95370;2024;32;31.0;1.0;3.0;97.0;315556;3489;97;95
95371;2024;56;46.0;10.0;18.0;82.0;254545;3236;83;95
95379;2024;5;5.0;0.0;0.0;100.0;279578;2048;140;95
95388;2024;66;48.0;18.0;27.0;73.0;251205;2926;87;95
95392;2024;66;50.0;16.0;24.0;76.0;277543;3754;79;95
95394;2024;91;60.0;31.0;34.0;66.0;306961;3444;91;95
95395;2024;8;7.0;1.0;12.0;88.0;250875;2857;85;95
95409;2024;13;6.0;7.0;54.0;46.0;222336;3291;70;95
95422;2024;4;4.0;0.0;0.0;100.0;258975;2819;95;95
95424;2024;127;66.0;61.0;48.0;52.0;249748;3359;78;95
95426;2024;24;14.0;10.0;42.0;58.0;351598;3748;92;95
95427;2024;98;42.0;56.0;57.0;43.0;232645;3248;76;95
95428;2024;234;73.0;161.0;69.0;31.0;338495;4159;82;95
95429;2024;2;2.0;0.0;0.0;100.0;185000;3057;68;95
95430;2024;49;32.0;17.0;35.0;65.0;264359;3112;87;95
95436;2024;5;2.0;3.0;60.0;40.0;223273;2627;81;95
95445;2024;9;6.0;3.0;33.0;67.0;324578;3173;102;95
95446;2024;18;18.0;0.0;0.0;100.0;411076;4199;104;95
95447;2024;3;3.0;0.0;0.0;100.0;195400;1988;106;95
95450;2024;12;10.0;2.0;17.0;83.0;395418;4030;100;95
95452;2024;10;7.0;3.0;30.0;70.0;255420;3279;80;95
95456;2024;4;2.0;2.0;50.0;50.0;168656;3126;67;95
95459;2024;8;8.0;0.0;0.0;100.0;343378;2968;120;95
95462;2024;5;5.0;0.0;0.0;100.0;208560;2337;85;95
95476;2024;122;88.0;34.0;28.0;72.0;293999;3453;89;95
95480;2024;36;32.0;4.0;11.0;89.0;286587;3351;88;95
95483;2024;5;5.0;0.0;0.0;100.0;301180;3834;87;95
95487;2024;94;33.0;61.0;65.0;35.0;174661;2899;62;95
95488;2024;55;35.0;20.0;36.0;64.0;273738;3843;76;95
95489;2024;7;7.0;0.0;0.0;100.0;571770;4442;137;95
95491;2024;100;44.0;56.0;56.0;44.0;272759;3776;75;95
95500;2024;280;79.0;201.0;72.0;28.0;218918;3258;71;95
95504;2024;65;51.0;14.0;22.0;78.0;290380;3718;83;95
95509;2024;35;30.0;5.0;14.0;86.0;259054;3477;80;95
95510;2024;3;3.0;0.0;0.0;100.0;304283;3224;95;95
95523;2024;5;4.0;1.0;20.0;80.0;182568;2884;67;95
95527;2024;16;5.0;11.0;69.0;31.0;271692;4331;64;95
95529;2024;6;6.0;0.0;0.0;100.0;268367;2526;115;95
95535;2024;8;8.0;0.0;0.0;100.0;287712;3197;114;95
95539;2024;111;48.0;63.0;57.0;43.0;265586;3574;74;95
95541;2024;8;7.0;1.0;12.0;88.0;190200;2076;89;95
95543;2024;3;3.0;0.0;0.0;100.0;368667;2835;125;95
95554;2024;12;12.0;0.0;0.0;100.0;312797;2894;110;95
95555;2024;154;47.0;107.0;69.0;31.0;287117;3882;73;95
95563;2024;151;79.0;72.0;48.0;52.0;301513;3998;79;95
95566;2024;32;32.0;0.0;0.0;100.0;252329;2925;89;95
95572;2024;193;79.0;114.0;59.0;41.0;219103;3191;70;95
95574;2024;56;41.0;15.0;27.0;73.0;366264;3995;97;95
95580;2024;15;14.0;1.0;7.0;93.0;425183;3538;121;95
95582;2024;187;67.0;120.0;64.0;36.0;251414;3695;70;95
95584;2024;10;9.0;1.0;10.0;90.0;285347;3322;96;95
95585;2024;251;51.0;200.0;80.0;20.0;173926;2383;74;95
95592;2024;10;9.0;1.0;10.0;90.0;263259;3714;76;95
95594;2024;13;10.0;3.0;23.0;77.0;312834;3719;95;95
95598;2024;158;81.0;77.0;49.0;51.0;333112;3936;84;95
95604;2024;42;20.0;22.0;52.0;48.0;216659;2594;82;95
95607;2024;245;117.0;128.0;52.0;48.0;263061;3322;80;95
95610;2024;5;5.0;0.0;0.0;100.0;328140;3444;99;95
95612;2024;36;27.0;9.0;25.0;75.0;237581;3466;76;95
95625;2024;20;19.0;1.0;5.0;95.0;265859;3176;85;95
95627;2024;10;9.0;1.0;10.0;90.0;361967;3561;109;95
95628;2024;18;14.0;4.0;22.0;78.0;345118;3757;99;95
95637;2024;124;71.0;53.0;43.0;57.0;269539;3535;79;95
95641;2024;30;16.0;14.0;47.0;53.0;299249;3488;83;95
95651;2024;5;5.0;0.0;0.0;100.0;269800;3402;81;95
95652;2024;46;37.0;9.0;20.0;80.0;282023;3115;94;95
95656;2024;3;3.0;0.0;0.0;100.0;224000;2908;79;95
95658;2024;8;8.0;0.0;0.0;100.0;266281;3156;94;95
95660;2024;5;5.0;0.0;0.0;100.0;263200;3572;82;95
95675;2024;20;11.0;9.0;45.0;55.0;294992;3427;93;95
95676;2024;8;8.0;0.0;0.0;100.0;229316;2874;83;95
95678;2024;10;8.0;2.0;20.0;80.0;262480;3336;79;95
95680;2024;132;38.0;94.0;71.0;29.0;170920;2535;69;95
95682;2024;1;1.0;0.0;0.0;100.0;313750;2905;108;95
95690;2024;5;5.0;0.0;0.0;100.0;313520;2529;124;95
